"2016-06-01 17:00","2016","06","01","17:00","-2,6","","-6,1","","77","","","M","14","","","","100,14","","","","-7","","ND"
"2016-06-01 18:00","2016","06","01","18:00","-3,0","","-6,1","","79","","","M","13","","","","100,14","","","","-8","","ND"
"2016-06-01 19:00","2016","06","01","19:00","-3,1","","-5,7","","82","","","M","13","","","","100,16","","","","-8","","ND"
"2016-06-01 20:00","2016","06","01","20:00","-3,3","","-5,7","","84","","","M","13","","","","100,15","","","","-8","","ND"
"2016-06-01 21:00","2016","06","01","21:00","-3,3","","-5,5","","85","","","M","9","","","","100,15","","","","-7","","ND"
"2016-06-01 22:00","2016","06","01","22:00","-3,4","","-5,7","","85","","","M","3","","","","100,14","","","","-5","","ND"
"2016-06-01 23:00","2016","06","01","23:00","-3,3","","-6,1","","81","","","M","3","","","","100,13","","","","-5","","ND"
"2016-06-02 00:00","2016","06","02","00:00","-3,0","","-9,5","","61","","","M","10","","","","100,09","","","","-7","","ND"
"2016-06-02 01:00","2016","06","02","01:00","-4,2","","-9,8","","65","","","M","10","","","","100,09","","","","-8","","ND"
"2016-06-02 02:00","2016","06","02","02:00","-4,1","","-9,7","","65","","","M","12","","","","100,09","","","","-9","","ND"
"2016-06-02 03:00","2016","06","02","03:00","-3,8","","-9,5","","65","","","M","9","","","","100,08","","","","-8","","ND"
"2016-06-02 04:00","2016","06","02","04:00","-3,4","","-8,4","","68","","","M","12","","","","100,05","","","","-8","","ND"
"2016-06-02 05:00","2016","06","02","05:00","-3,1","","-7,6","","71","","","M","14","","","","100,05","","","","-8","","ND"
"2016-06-02 06:00","2016","06","02","06:00","-2,9","","-8,3","","66","","","M","11","","","","100,06","","","","-7","","ND"
"2016-06-02 07:00","2016","06","02","07:00","-2,6","","-8,7","","63","","","M","12","","","","100,06","","","","-7","","ND"
"2016-06-02 08:00","2016","06","02","08:00","-2,3","","-9,4","","58","","","M","9","","","","100,05","","","","-6","","ND"
"2016-06-02 09:00","2016","06","02","09:00","-2,2","","-9,1","","59","","","M","9","","","","100,03","","","","-6","","ND"
"2016-06-02 10:00","2016","06","02","10:00","-1,6","","-7,9","","62","","","M","13","","","","100,00","","","","-6","","ND"
"2016-06-02 11:00","2016","06","02","11:00","-2,2","","-9,0","","60","","","M","19","","","","99,98","","","","-8","","ND"
"2016-06-02 12:00","2016","06","02","12:00","-1,4","","-8,1","","61","","","M","18","","","","99,94","","","","-7","","ND"
"2016-06-02 13:00","2016","06","02","13:00","-1,1","","-7,5","","62","","","M","14","","","","99,92","","","","-6","","ND"
"2016-06-02 14:00","2016","06","02","14:00","-0,9","","-7,3","","62","","","M","19","","","","99,91","","","","-6","","ND"
"2016-06-02 15:00","2016","06","02","15:00","-0,7","","-6,7","","64","","","M","18","","","","99,89","","","","-6","","ND"
"2016-06-02 16:00","2016","06","02","16:00","-1,0","","-6,6","","66","","","M","19","","","","99,88","","","","-6","","ND"
"2016-06-02 17:00","2016","06","02","17:00","-0,8","","-6,0","","68","","","M","18","","","","99,85","","","","-6","","ND"
"2016-06-02 18:00","2016","06","02","18:00","-1,1","","-6,5","","67","","","M","19","","","","99,86","","","","-6","","ND"
"2016-06-02 19:00","2016","06","02","19:00","-1,2","","-6,2","","69","","","M","18","","","","99,87","","","","-6","","ND"
"2016-06-02 20:00","2016","06","02","20:00","-1,3","","-6,2","","69","","","M","19","","","","99,87","","","","-7","","ND"
"2016-06-02 21:00","2016","06","02","21:00","-1,4","","-6,2","","69","","","M","12","","","","99,88","","","","-5","","ND"
"2016-06-02 22:00","2016","06","02","22:00","-1,5","","-5,9","","72","","","M","13","","","","99,85","","","","-6","","ND"
"2016-06-02 23:00","2016","06","02","23:00","-1,9","","-6,2","","72","","","M","21","","","","99,84","","","","-8","","ND"
"2016-06-03 00:00","2016","06","03","00:00","-2,8","","-6,8","","74","","","M","15","","","","99,83","","","","-8","","ND"
"2016-06-03 01:00","2016","06","03","01:00","-3,0","","-7,1","","73","","","M","3","","","","99,81","","","","-4","","ND"
"2016-06-03 02:00","2016","06","03","02:00","-2,7","","-7,6","","69","","","M","12","","","","99,80","","","","-7","","ND"
"2016-06-03 03:00","2016","06","03","03:00","-2,7","","-8,0","","67","","","M","12","","","","99,78","","","","-7","","ND"
"2016-06-03 04:00","2016","06","03","04:00","-2,5","","-7,7","","67","","","M","14","","","","99,79","","","","-7","","ND"
"2016-06-03 05:00","2016","06","03","05:00","-2,0","","-7,2","","67","","","M","2","","","","99,78","","","","-3","","ND"
"2016-06-03 06:00","2016","06","03","06:00","-2,0","","-7,0","","68","","","M","9","","","","99,80","","","","-5","","ND"
"2016-06-03 07:00","2016","06","03","07:00","-1,6","","-5,6","","74","","","M","13","","","","99,78","","","","-6","","ND"
"2016-06-03 08:00","2016","06","03","08:00","-1,7","","-6,2","","72","","","M","13","","","","99,77","","","","-6","","ND"
"2016-06-03 09:00","2016","06","03","09:00","-1,2","","-5,5","","72","","","M","10","","","","99,77","","","","-5","","ND"
"2016-06-03 10:00","2016","06","03","10:00","0,3","","-5,0","","67","","","M","11","","","","99,76","","","","","","ND"
"2016-06-03 11:00","2016","06","03","11:00","0,3","","-3,7","","74","","","M","20","","","","99,73","","","","","","ND"
"2016-06-03 12:00","2016","06","03","12:00","0,7","","-2,7","","78","","","M","22","","","","99,71","","","","","","ND"
"2016-06-03 13:00","2016","06","03","13:00","0,5","","-3,0","","78","","","M","24","","","","99,71","","","","","","ND"
"2016-06-03 14:00","2016","06","03","14:00","1,1","","-2,4","","77","","","M","20","","","","99,70","","","","","","ND"
"2016-06-03 15:00","2016","06","03","15:00","1,4","","-2,8","","74","","","M","16","","","","99,72","","","","","","ND"
"2016-06-03 16:00","2016","06","03","16:00","1,2","","-1,6","","81","","","M","18","","","","99,72","","","","","","ND"
"2016-06-03 17:00","2016","06","03","17:00","0,6","","-2,3","","81","","","M","17","","","","99,73","","","","","","ND"
"2016-06-03 18:00","2016","06","03","18:00","0,1","","-2,4","","84","","","M","14","","","","99,72","","","","","","ND"
"2016-06-03 19:00","2016","06","03","19:00","-0,3","","-2,5","","85","","","M","15","","","","99,74","","","","-5","","ND"
"2016-06-03 20:00","2016","06","03","20:00","-0,4","","-2,5","","86","","","M","10","","","","99,75","","","","-4","","ND"
"2016-06-03 21:00","2016","06","03","21:00","-1,2","","-2,7","","89","","","M","8","","","","99,75","","","","-4","","ND"
"2016-06-03 22:00","2016","06","03","22:00","-1,4","","-2,4","","93","","","M","9","","","","99,74","","","","-5","","ND"
"2016-06-03 23:00","2016","06","03","23:00","-1,8","","-2,9","","92","","","M","1","","","","99,75","","","","-2","","ND"
"2016-06-04 00:00","2016","06","04","00:00","-0,9","","-5,2","","72","","","M","4","","","","99,76","","","","-2","","ND"
"2016-06-04 01:00","2016","06","04","01:00","-2,2","","-3,9","","88","","","M","2","","","","99,76","","","","-3","","ND"
"2016-06-04 02:00","2016","06","04","02:00","-2,0","","-6,1","","74","","","M","4","","","","99,74","","","","-3","","ND"
"2016-06-04 03:00","2016","06","04","03:00","-3,1","","-5,4","","84","","","M","9","","","","99,74","","","","-7","","ND"
"2016-06-04 04:00","2016","06","04","04:00","-3,2","","-4,3","","93","","","M","10","","","","99,75","","","","-7","","ND"
"2016-06-04 05:00","2016","06","04","05:00","-3,1","","-3,9","","94","","","M","2","","","","99,75","","","","-4","","ND"
"2016-06-04 06:00","2016","06","04","06:00","-2,9","","-3,5","","95","","","M","6","","","","99,75","","","","-5","","ND"
"2016-06-04 07:00","2016","06","04","07:00","-2,7","","-3,3","","96","","","M","11","","","","99,75","","","","-7","","ND"
"2016-06-04 08:00","2016","06","04","08:00","-2,2","","-3,1","","93","","","M","9","","","","99,73","","","","-6","","ND"
"2016-06-04 09:00","2016","06","04","09:00","-1,4","","-2,7","","91","","","M","7","","","","99,71","","","","-4","","ND"
"2016-06-04 10:00","2016","06","04","10:00","-0,8","","-2,4","","89","","","M","10","","","","99,69","","","","-4","","ND"
"2016-06-04 11:00","2016","06","04","11:00","-0,5","","-2,5","","87","","","M","10","","","","99,67","","","","-4","","ND"
"2016-06-04 12:00","2016","06","04","12:00","0,3","","-2,0","","85","","","M","11","","","","99,66","","","","","","ND"
"2016-06-04 13:00","2016","06","04","13:00","0,7","","-1,8","","83","","","M","10","","","","99,65","","","","","","ND"
"2016-06-04 14:00","2016","06","04","14:00","0,8","","-1,5","","85","","","M","10","","","","99,66","","","","","","ND"
"2016-06-04 15:00","2016","06","04","15:00","0,6","","-1,6","","85","","","M","11","","","","99,66","","","","","","ND"
"2016-06-04 16:00","2016","06","04","16:00","1,8","","-0,8","","83","","","M","9","","","","99,63","","","","","","ND"
"2016-06-04 17:00","2016","06","04","17:00","1,4","","-1,0","","84","","","M","4","","","","99,64","","","","","","ND"
"2016-06-04 18:00","2016","06","04","18:00","1,9","","-0,8","","82","","","M","4","","","","99,64","","","","","","ND"
"2016-06-04 19:00","2016","06","04","19:00","1,7","","-0,6","","85","","","M","11","","","","99,65","","","","","","ND"
"2016-06-04 20:00","2016","06","04","20:00","1,6","","-0,7","","84","","","M","3","","","","99,64","","","","","","ND"
"2016-06-04 21:00","2016","06","04","21:00","1,2","","-0,9","","86","","","M","4","","","","99,63","","","","","","ND"
"2016-06-04 22:00","2016","06","04","22:00","0,7","","-0,8","","89","","","M","5","","","","99,63","","","","","","ND"
"2016-06-04 23:00","2016","06","04","23:00","0,6","","-1,6","","85","","","M","9","","","","99,61","","","","","","ND"
"2016-06-05 00:00","2016","06","05","00:00","0,1","","-2,5","","83","","","M","13","","","","99,62","","","","","","ND"
"2016-06-05 01:00","2016","06","05","01:00","-0,7","","-2,9","","85","","","M","14","","","","99,64","","","","-5","","ND"
"2016-06-05 02:00","2016","06","05","02:00","-0,7","","-3,1","","84","","","M","3","","","","99,63","","","","-2","","ND"
"2016-06-05 03:00","2016","06","05","03:00","-1,1","","-2,6","","89","","","M","5","","","","99,62","","","","-3","","ND"
"2016-06-05 04:00","2016","06","05","04:00","-1,2","","-2,4","","91","","","M","0","","","","99,63","","","","","","ND"
"2016-06-05 05:00","2016","06","05","05:00","-1,0","","-4,1","","80","","","M","12","","","","99,61","","","","-5","","ND"
"2016-06-05 06:00","2016","06","05","06:00","-0,1","","-3,2","","80","","","M","9","","","","99,60","","","","-3","","ND"
"2016-06-05 07:00","2016","06","05","07:00","0,4","","-3,4","","76","","","M","11","","","","99,63","","","","","","ND"
"2016-06-05 08:00","2016","06","05","08:00","0,1","","-6,0","","64","","","M","15","","","","99,64","","","","","","ND"
"2016-06-05 09:00","2016","06","05","09:00","0,2","","-7,3","","57","","","M","17","","","","99,64","","","","","","ND"
"2016-06-05 10:00","2016","06","05","10:00","0,4","","-6,4","","60","","","M","12","","","","99,65","","","","","","ND"
"2016-06-05 11:00","2016","06","05","11:00","1,2","","-5,1","","63","","","M","18","","","","99,65","","","","","","ND"
"2016-06-05 12:00","2016","06","05","12:00","1,5","","-5,7","","59","","","M","17","","","","99,64","","","","","","ND"
"2016-06-05 13:00","2016","06","05","13:00","2,3","","-4,6","","60","","","M","16","","","","99,65","","","","","","ND"
"2016-06-05 14:00","2016","06","05","14:00","1,8","","-5,0","","61","","","M","17","","","","99,65","","","","","","ND"
"2016-06-05 15:00","2016","06","05","15:00","1,8","","-4,1","","65","","","M","22","","","","99,65","","","","","","ND"
"2016-06-05 16:00","2016","06","05","16:00","1,3","","-4,4","","66","","","M","25","","","","99,65","","","","","","ND"
"2016-06-05 17:00","2016","06","05","17:00","1,2","","-4,0","","69","","","M","30","","","","99,61","","","","","","ND"
"2016-06-05 18:00","2016","06","05","18:00","0,2","","-4,9","","69","","","M","30","","","","99,62","","","","","","ND"
"2016-06-05 19:00","2016","06","05","19:00","-0,5","","-5,6","","68","","","M","29","","","","99,65","","","","-7","","ND"
"2016-06-05 20:00","2016","06","05","20:00","-1,1","","-6,9","","64","","","M","26","","","","99,70","","","","-7","","ND"
"2016-06-05 21:00","2016","06","05","21:00","-2,2","","-6,3","","73","","","M","24","","","","99,68","","","","-9","","ND"
"2016-06-05 22:00","2016","06","05","22:00","-2,8","","-5,4","","82","","","M","18","","","","99,66","","","","-8","","ND"
"2016-06-05 23:00","2016","06","05","23:00","-3,3","","-4,9","","89","","","M","20","","","","99,62","","","","-9","","ND"
"2016-06-06 00:00","2016","06","06","00:00","-3,8","","-5,0","","91","","","M","8","","","","99,61","","","","-7","","ND"
"2016-06-06 01:00","2016","06","06","01:00","-3,9","","-5,1","","91","","","M","6","","","","99,59","","","","-7","","ND"
"2016-06-06 02:00","2016","06","06","02:00","-3,8","","-5,7","","87","","","M","0","","","","99,59","","","","","","ND"
"2016-06-06 03:00","2016","06","06","03:00","-3,5","","-7,0","","76","","","M","11","","","","99,60","","","","-8","","ND"
"2016-06-06 04:00","2016","06","06","04:00","-3,0","","-6,3","","78","","","M","2","","","","99,59","","","","-4","","ND"
"2016-06-06 05:00","2016","06","06","05:00","-2,9","","-5,8","","81","","","M","10","","","","99,55","","","","-7","","ND"
"2016-06-06 06:00","2016","06","06","06:00","-2,7","","-4,5","","87","","","M","15","","","","99,54","","","","-8","","ND"
"2016-06-06 07:00","2016","06","06","07:00","-2,4","","-4,2","","88","","","M","17","","","","99,53","","","","-8","","ND"
"2016-06-06 08:00","2016","06","06","08:00","-2,4","","-4,1","","88","","","M","20","","","","99,52","","","","-8","","ND"
"2016-06-06 09:00","2016","06","06","09:00","-1,9","","-3,8","","87","","","M","17","","","","99,53","","","","-7","","ND"
"2016-06-06 10:00","2016","06","06","10:00","-2,5","","-3,9","","89","","","M","18","","","","99,54","","","","-8","","ND"
"2016-06-06 11:00","2016","06","06","11:00","-2,0","","-3,6","","88","","","M","17","","","","99,50","","","","-7","","ND"
"2016-06-06 12:00","2016","06","06","12:00"
"2016-06-06 13:00","2016","06","06","13:00","-1,8","","-3,0","","92","","","M","24","","","","99,42","","","","-8","","ND"
"2016-06-06 14:00","2016","06","06","14:00"
"2016-06-06 15:00","2016","06","06","15:00","-1,5","","-3,0","","90","","","M","20","","","","99,39","","","","-7","","ND"
"2016-06-06 16:00","2016","06","06","16:00","-1,7","","-3,3","","89","","","M","19","","","","99,37","","","","-7","","ND"
"2016-06-06 17:00","2016","06","06","17:00","-2,0","","-3,3","","91","","","M","26","","","","99,33","","","","-9","","ND"
"2016-06-06 18:00","2016","06","06","18:00","-2,6","","-3,3","","95","","","M","23","","","","99,33","","","","-9","","ND"
"2016-06-06 19:00","2016","06","06","19:00","-2,9","","-3,6","","95","","","M","19","","","","99,35","","","","-9","","ND"
"2016-06-06 20:00","2016","06","06","20:00","-3,1","","-3,8","","95","","","M","17","","","","99,33","","","","-9","","ND"
"2016-06-06 21:00","2016","06","06","21:00","-3,4","","-4,2","","94","","","M","15","","","","99,32","","","","-9","","ND"
"2016-06-06 22:00","2016","06","06","22:00","-3,4","","-4,2","","94","","","M","14","","","","99,29","","","","-8","","ND"
"2016-06-06 23:00","2016","06","06","23:00","-3,7","","-4,6","","94","","","M","14","","","","99,28","","","","-9","","ND"
"2016-06-07 00:00","2016","06","07","00:00","-3,1","","-3,8","","94","","","M","15","","","","99,22","","","","-8","","ND"
"2016-06-07 01:00","2016","06","07","01:00","-2,8","","-3,6","","94","","","M","16","","","","99,19","","","","-8","","ND"
"2016-06-07 02:00","2016","06","07","02:00","-3,0","","-3,8","","95","","","M","17","","","","99,17","","","","-9","","ND"
"2016-06-07 03:00","2016","06","07","03:00","-3,2","","-3,9","","95","","","M","18","","","","99,15","","","","-9","","ND"
"2016-06-07 04:00","2016","06","07","04:00","-3,4","","-4,2","","94","","","M","17","","","","99,12","","","","-9","","ND"
"2016-06-07 05:00","2016","06","07","05:00","-3,8","","-4,6","","94","","","M","17","","","","99,12","","","","-10","","ND"
"2016-06-07 06:00","2016","06","07","06:00","-3,8","","-4,6","","94","","","M","18","","","","99,09","","","","-10","","ND"
"2016-06-07 07:00","2016","06","07","07:00","-3,7","","-4,6","","94","","","M","15","","","","99,07","","","","-9","","ND"
"2016-06-07 08:00","2016","06","07","08:00","-3,3","","-4,1","","94","","","M","16","","","","99,06","","","","-9","","ND"
"2016-06-07 09:00","2016","06","07","09:00","-3,2","","-4,0","","94","","","M","19","","","","99,03","","","","-9","","ND"
"2016-06-07 10:00","2016","06","07","10:00","-3,1","","-3,9","","94","","","M","21","","","","99,01","","","","-9","","ND"
"2016-06-07 11:00","2016","06","07","11:00","-2,7","","-3,5","","95","","","M","20","","","","98,98","","","","-9","","ND"
"2016-06-07 12:00","2016","06","07","12:00","-2,7","","-3,5","","95","","","M","22","","","","98,96","","","","-9","","ND"
"2016-06-07 13:00","2016","06","07","13:00","-2,7","","-3,4","","95","","","M","21","","","","98,97","","","","-9","","ND"
"2016-06-07 14:00","2016","06","07","14:00","-2,6","","-3,3","","95","","","M","26","","","","98,95","","","","-9","","ND"
"2016-06-07 15:00","2016","06","07","15:00","-2,7","","-3,4","","95","","","M","27","","","","98,94","","","","-10","","ND"
"2016-06-07 16:00","2016","06","07","16:00","-3,0","","-3,8","","94","","","M","25","","","","98,94","","","","-10","","ND"
"2016-06-07 17:00","2016","06","07","17:00","-3,1","","-3,9","","95","","","M","23","","","","98,93","","","","-10","","ND"
"2016-06-07 18:00","2016","06","07","18:00","-3,2","","-3,9","","95","","","M","22","","","","98,91","","","","-10","","ND"
"2016-06-07 19:00","2016","06","07","19:00","-3,0","","-3,8","","94","","","M","22","","","","98,90","","","","-9","","ND"
"2016-06-07 20:00","2016","06","07","20:00","-3,0","","-3,7","","95","","","M","20","","","","98,87","","","","-9","","ND"
"2016-06-07 21:00","2016","06","07","21:00","-2,7","","-3,3","","95","","","M","19","","","","98,86","","","","-8","","ND"
"2016-06-07 22:00","2016","06","07","22:00","-2,7","","-3,4","","95","","","M","17","","","","98,81","","","","-8","","ND"
"2016-06-07 23:00","2016","06","07","23:00","-2,7","","-3,4","","95","","","M","15","","","","98,76","","","","-8","","ND"
"2016-06-08 00:00","2016","06","08","00:00","-2,7","","-3,3","","95","","","M","16","","","","98,74","","","","-8","","ND"
"2016-06-08 01:00","2016","06","08","01:00","-2,7","","-3,5","","95","","","M","13","","","","98,69","","","","-7","","ND"
"2016-06-08 02:00","2016","06","08","02:00","-2,6","","-3,2","","95","","","M","14","","","","98,66","","","","-7","","ND"
"2016-06-08 03:00","2016","06","08","03:00","-2,5","","-3,2","","95","","","M","15","","","","98,60","","","","-7","","ND"
"2016-06-08 04:00","2016","06","08","04:00","-2,6","","-3,2","","95","","","M","23","","","","98,55","","","","-9","","ND"
"2016-06-08 05:00","2016","06","08","05:00","-2,7","","-3,4","","95","","","M","25","","","","98,51","","","","-9","","ND"
"2016-06-08 06:00","2016","06","08","06:00","-2,7","","-3,4","","95","","","M","33","","","","98,47","","","","-10","","ND"
"2016-06-08 07:00","2016","06","08","07:00","-2,5","","-3,2","","95","","","M","27","","","","98,48","","","","-9","","ND"
"2016-06-08 08:00","2016","06","08","08:00","-2,1","","-2,7","","96","","","M","36","","","","98,43","","","","-10","","ND"
"2016-06-08 09:00","2016","06","08","09:00","-2,0","","-2,6","","95","","","M","31","","","","98,41","","","","-9","","ND"
"2016-06-08 10:00","2016","06","08","10:00","-1,8","","-2,4","","96","","","M","35","","","","98,36","","","","-9","","ND"
"2016-06-08 11:00","2016","06","08","11:00","-1,8","","-2,3","","96","","","M","30","","","","98,33","","","","-9","","ND"
"2016-06-08 12:00","2016","06","08","12:00","-1,5","","-2,1","","96","","","M","31","","","","98,27","","","","-9","","ND"
"2016-06-08 13:00","2016","06","08","13:00","-1,5","","-2,1","","96","","","M","32","","","","98,24","","","","-9","","ND"
"2016-06-08 14:00","2016","06","08","14:00","-1,2","","-1,7","","96","","","M","32","","","","98,22","","","","-8","","ND"
"2016-06-08 15:00","2016","06","08","15:00","-1,1","","-1,6","","96","","","M","29","","","","98,20","","","","-8","","ND"
"2016-06-08 16:00","2016","06","08","16:00","-1,0","","-1,5","","96","","","M","28","","","","98,19","","","","-8","","ND"
"2016-06-08 17:00","2016","06","08","17:00","-0,8","","-1,3","","96","","","M","28","","","","98,15","","","","-7","","ND"
"2016-06-08 18:00","2016","06","08","18:00","-1,1","","-1,6","","97","","","M","28","","","","98,15","","","","-8","","ND"
"2016-06-08 19:00","2016","06","08","19:00","-1,1","","-1,6","","97","","","M","25","","","","98,13","","","","-7","","ND"
"2016-06-08 20:00","2016","06","08","20:00","-1,3","","-1,7","","97","","","M","24","","","","98,11","","","","-7","","ND"
"2016-06-08 21:00","2016","06","08","21:00","-1,4","","-2,0","","96","","","M","22","","","","98,10","","","","-7","","ND"
"2016-06-08 22:00","2016","06","08","22:00","-1,5","","-1,9","","97","","","M","20","","","","98,07","","","","-7","","ND"
"2016-06-08 23:00","2016","06","08","23:00","-1,5","","-2,1","","96","","","M","14","","","","98,06","","","","-6","","ND"
"2016-06-09 00:00","2016","06","09","00:00","-1,5","","-2,0","","97","","","M","12","","","","98,06","","","","-6","","ND"
"2016-06-09 01:00","2016","06","09","01:00","-1,4","","-1,9","","97","","","M","8","","","","98,02","","","","-4","","ND"
"2016-06-09 02:00","2016","06","09","02:00","-1,4","","-1,9","","97","","","M","10","","","","98,02","","","","-5","","ND"
"2016-06-09 03:00","2016","06","09","03:00","-1,4","","-1,9","","96","","","M","7","","","","98,05","","","","-4","","ND"
"2016-06-09 04:00","2016","06","09","04:00","-1,5","","-2,0","","96","","","M","5","","","","98,06","","","","-3","","ND"
"2016-06-09 05:00","2016","06","09","05:00","-1,3","","-1,8","","96","","","M","3","","","","98,09","","","","-2","","ND"
"2016-06-09 06:00","2016","06","09","06:00","-1,2","","-1,7","","96","","","M","6","","","","98,11","","","","-3","","ND"
"2016-06-09 07:00","2016","06","09","07:00","-1,1","","-1,6","","96","","","M","5","","","","98,13","","","","-3","","ND"
"2016-06-09 08:00","2016","06","09","08:00","-1,0","","-1,4","","97","","","M","6","","","","98,16","","","","-3","","ND"
"2016-06-09 09:00","2016","06","09","09:00","-0,8","","-1,2","","97","","","M","9","","","","98,19","","","","-4","","ND"
"2016-06-09 10:00","2016","06","09","10:00","-0,5","","-0,9","","97","","","M","2","","","","98,21","","","","-1","","ND"
"2016-06-09 11:00","2016","06","09","11:00","-0,3","","-0,7","","97","","","M","3","","","","98,21","","","","-1","","ND"
"2016-06-09 12:00","2016","06","09","12:00","1,0","","0,6","","98","","","M","6","","","","98,24","","","","","","ND"
"2016-06-09 13:00","2016","06","09","13:00","2,3","","1,9","","98","","","M","2","","","","98,26","","","","","","ND"
"2016-06-09 14:00","2016","06","09","14:00","3,2","","2,8","","98","","","M","12","","","","98,28","","","","","","ND"
"2016-06-09 15:00","2016","06","09","15:00","3,1","","2,4","","95","","","M","10","","","","98,29","","","","","","ND"
"2016-06-09 16:00","2016","06","09","16:00","3,0","","1,8","","92","","","M","16","","","","98,31","","","","","","ND"
"2016-06-09 17:00","2016","06","09","17:00","3,0","","1,9","","93","","","M","15","","","","98,31","","","","","","ND"
"2016-06-09 18:00","2016","06","09","18:00","2,8","","1,6","","92","","","M","19","","","","98,32","","","","","","ND"
"2016-06-09 19:00","2016","06","09","19:00","2,6","","1,2","","90","","","M","15","","","","98,31","","","","","","ND"
"2016-06-09 20:00","2016","06","09","20:00","2,6","","1,2","","91","","","M","21","","","","98,31","","","","","","ND"
"2016-06-09 21:00","2016","06","09","21:00","2,3","","1,0","","91","","","M","21","","","","98,32","","","","","","ND"
"2016-06-09 22:00","2016","06","09","22:00","2,1","","0,9","","92","","","M","19","","","","98,30","","","","","","ND"
"2016-06-09 23:00","2016","06","09","23:00","1,9","","0,7","","92","","","M","21","","","","98,31","","","","","","ND"
"2016-06-10 00:00","2016","06","10","00:00","1,6","","0,7","","93","","","M","23","","","","98,33","","","","","","ND"
"2016-06-10 01:00","2016","06","10","01:00","1,3","","0,2","","93","","","M","17","","","","98,35","","","","","","ND"
"2016-06-10 02:00","2016","06","10","02:00","0,7","","-0,2","","93","","","M","15","","","","98,36","","","","","","ND"
"2016-06-10 03:00","2016","06","10","03:00","0,2","","-0,7","","94","","","M","11","","","","98,39","","","","","","ND"
"2016-06-10 04:00","2016","06","10","04:00","0,4","","-0,4","","94","","","M","8","","","","98,40","","","","","","ND"
"2016-06-10 05:00","2016","06","10","05:00","0,2","","-0,3","","96","","","M","11","","","","98,41","","","","","","ND"
"2016-06-10 06:00","2016","06","10","06:00","0,5","","0,0","","96","","","M","6","","","","98,43","","","","","","ND"
"2016-06-10 07:00","2016","06","10","07:00","0,7","","0,2","","97","","","M","7","","","","98,44","","","","","","ND"
"2016-06-10 08:00","2016","06","10","08:00","0,5","","0,0","","97","","","M","6","","","","98,44","","","","","","ND"
"2016-06-10 09:00","2016","06","10","09:00","0,7","","0,2","","97","","","M","7","","","","98,47","","","","","","ND"
"2016-06-10 10:00","2016","06","10","10:00","0,8","","0,4","","97","","","M","13","","","","98,49","","","","","","ND"
"2016-06-10 11:00","2016","06","10","11:00","0,8","","0,3","","96","","","M","13","","","","98,52","","","","","","ND"
"2016-06-10 12:00","2016","06","10","12:00","1,0","","-0,4","","90","","","M","8","","","","98,52","","","","","","ND"
"2016-06-10 13:00","2016","06","10","13:00","0,6","","-0,9","","90","","","M","6","","","","98,53","","","","","","ND"
"2016-06-10 14:00","2016","06","10","14:00","1,1","","0,1","","93","","","M","7","","","","98,48","","","","","","ND"
"2016-06-10 15:00","2016","06","10","15:00","1,0","","-0,7","","89","","","M","6","","","","98,47","","","","","","ND"
"2016-06-10 16:00","2016","06","10","16:00","0,2","","-0,8","","93","","","M","5","","","","98,47","","","","","","ND"
"2016-06-10 17:00","2016","06","10","17:00","-0,5","","-1,2","","95","","","M","8","","","","98,49","","","","-3","","ND"
"2016-06-10 18:00","2016","06","10","18:00","-0,2","","-1,3","","92","","","M","7","","","","98,47","","","","-3","","ND"
"2016-06-10 19:00","2016","06","10","19:00","-0,3","","-1,6","","91","","","M","9","","","","98,46","","","","-3","","ND"
"2016-06-10 20:00","2016","06","10","20:00","-0,6","","-1,6","","93","","","M","4","","","","98,43","","","","-2","","ND"
"2016-06-10 21:00","2016","06","10","21:00","-1,2","","-1,8","","96","","","M","5","","","","98,43","","","","-3","","ND"
"2016-06-10 22:00","2016","06","10","22:00","-1,6","","-2,1","","96","","","M","3","","","","98,41","","","","-3","","ND"
"2016-06-10 23:00","2016","06","10","23:00","-1,6","","-2,4","","94","","","M","0","","","","98,39","","","","","","ND"
"2016-06-11 00:00","2016","06","11","00:00","-1,5","","-2,5","","93","","","M","0","","","","98,36","","","","","","ND"
"2016-06-11 01:00","2016","06","11","01:00","-1,5","","-3,0","","90","","","M","6","","","","98,35","","","","-4","","ND"
"2016-06-11 02:00","2016","06","11","02:00","-1,3","","-3,2","","87","","","M","11","","","","98,30","","","","-5","","ND"
"2016-06-11 03:00","2016","06","11","03:00","-1,2","","-2,9","","88","","","M","9","","","","98,29","","","","-4","","ND"
"2016-06-11 04:00","2016","06","11","04:00","-1,3","","-2,6","","91","","","M","3","","","","98,27","","","","-2","","ND"
"2016-06-11 05:00","2016","06","11","05:00","-1,2","","-2,6","","90","","","M","7","","","","98,25","","","","-4","","ND"
"2016-06-11 06:00","2016","06","11","06:00","-0,8","","-2,4","","89","","","M","8","","","","98,24","","","","-4","","ND"
"2016-06-11 07:00","2016","06","11","07:00","-0,3","","-2,3","","86","","","M","11","","","","98,23","","","","-4","","ND"
"2016-06-11 08:00","2016","06","11","08:00","-0,6","","-2,7","","85","","","M","15","","","","98,22","","","","-5","","ND"
"2016-06-11 09:00","2016","06","11","09:00","-0,3","","-2,3","","86","","","M","17","","","","98,18","","","","-5","","ND"
"2016-06-11 10:00","2016","06","11","10:00","0,0","","-1,8","","87","","","M","14","","","","98,18","","","","-4","","ND"
"2016-06-11 11:00","2016","06","11","11:00","0,5","","-1,4","","87","","","M","13","","","","98,17","","","","","","ND"
"2016-06-11 12:00","2016","06","11","12:00","0,5","","-1,5","","87","","","M","16","","","","98,17","","","","","","ND"
"2016-06-11 13:00","2016","06","11","13:00","0,5","","-1,3","","88","","","M","18","","","","98,20","","","","","","ND"
"2016-06-11 14:00","2016","06","11","14:00","0,0","","-1,2","","91","","","M","20","","","","98,23","","","","-5","","ND"
"2016-06-11 15:00","2016","06","11","15:00","-0,2","","-1,4","","92","","","M","17","","","","98,25","","","","-5","","ND"
"2016-06-11 16:00","2016","06","11","16:00","-0,7","","-1,6","","94","","","M","20","","","","98,28","","","","-6","","ND"
"2016-06-11 17:00","2016","06","11","17:00","-1,4","","-2,0","","96","","","M","19","","","","98,33","","","","-7","","ND"
"2016-06-11 18:00","2016","06","11","18:00","-1,6","","-2,1","","97","","","M","18","","","","98,37","","","","-7","","ND"
"2016-06-11 19:00","2016","06","11","19:00","-1,5","","-2,0","","96","","","M","19","","","","98,38","","","","-7","","ND"
"2016-06-11 20:00","2016","06","11","20:00","-1,6","","-2,1","","97","","","M","14","","","","98,43","","","","-6","","ND"
"2016-06-11 21:00","2016","06","11","21:00","-1,6","","-2,1","","96","","","M","14","","","","98,44","","","","-6","","ND"
"2016-06-11 22:00","2016","06","11","22:00","-1,8","","-2,3","","96","","","M","11","","","","98,48","","","","-6","","ND"
"2016-06-11 23:00","2016","06","11","23:00","-1,8","","-2,4","","96","","","M","11","","","","98,51","","","","-6","","ND"
"2016-06-12 00:00","2016","06","12","00:00","-1,8","","-2,4","","96","","","M","13","","","","98,54","","","","-6","","ND"
"2016-06-12 01:00","2016","06","12","01:00","-1,9","","-2,4","","96","","","M","14","","","","98,59","","","","-7","","ND"
"2016-06-12 02:00","2016","06","12","02:00","-2,0","","-2,5","","96","","","M","12","","","","98,62","","","","-6","","ND"
"2016-06-12 03:00","2016","06","12","03:00","-1,9","","-2,5","","96","","","M","13","","","","98,69","","","","-6","","ND"
"2016-06-12 04:00","2016","06","12","04:00","-1,9","","-2,5","","96","","","M","10","","","","98,72","","","","-6","","ND"
"2016-06-12 05:00","2016","06","12","05:00","-1,8","","-2,3","","96","","","M","11","","","","98,79","","","","-6","","ND"
"2016-06-12 06:00","2016","06","12","06:00","-1,6","","-2,1","","96","","","M","12","","","","98,85","","","","-6","","ND"
"2016-06-12 07:00","2016","06","12","07:00","-1,6","","-2,0","","96","","","M","12","","","","98,92","","","","-6","","ND"
"2016-06-12 08:00","2016","06","12","08:00","-1,1","","-1,6","","97","","","M","10","","","","98,97","","","","-5","","ND"
"2016-06-12 09:00","2016","06","12","09:00","-0,9","","-1,3","","97","","","M","11","","","","99,04","","","","-5","","ND"
"2016-06-12 10:00","2016","06","12","10:00","-0,8","","-1,2","","97","","","M","13","","","","99,08","","","","-5","","ND"
"2016-06-12 11:00","2016","06","12","11:00","-0,4","","-0,9","","97","","","M","11","","","","99,11","","","","-4","","ND"
"2016-06-12 12:00","2016","06","12","12:00","-0,4","","-0,9","","97","","","M","15","","","","99,17","","","","-5","","ND"
"2016-06-12 13:00","2016","06","12","13:00","-0,2","","-0,6","","97","","","M","16","","","","99,23","","","","-5","","ND"
"2016-06-12 14:00","2016","06","12","14:00","-0,4","","-0,8","","97","","","M","16","","","","99,29","","","","-5","","ND"
"2016-06-12 15:00","2016","06","12","15:00","-0,2","","-0,7","","97","","","M","17","","","","99,32","","","","-5","","ND"
"2016-06-12 16:00","2016","06","12","16:00","0,1","","-0,5","","96","","","M","10","","","","99,37","","","","","","ND"
"2016-06-12 17:00","2016","06","12","17:00","-0,4","","-1,0","","95","","","M","15","","","","99,42","","","","-5","","ND"
"2016-06-12 18:00","2016","06","12","18:00","-0,5","","-1,0","","96","","","M","11","","","","99,48","","","","-4","","ND"
"2016-06-12 19:00","2016","06","12","19:00","-0,4","","-1,0","","96","","","M","8","","","","99,49","","","","-3","","ND"
"2016-06-12 20:00","2016","06","12","20:00","-0,5","","-1,0","","97","","","M","4","","","","99,52","","","","-2","","ND"
"2016-06-12 21:00","2016","06","12","21:00","-0,8","","-1,2","","97","","","M","3","","","","99,54","","","","-2","","ND"
"2016-06-12 22:00","2016","06","12","22:00","-1,4","","-1,8","","97","","","M","1","","","","99,52","","","","-2","","ND"
"2016-06-12 23:00","2016","06","12","23:00","-1,9","","-2,3","","97","","","M","5","","","","99,56","","","","-4","","ND"
"2016-06-13 00:00","2016","06","13","00:00","-1,6","","-2,0","","97","","","M","2","","","","99,60","","","","-2","","ND"
"2016-06-13 01:00","2016","06","13","01:00","-1,5","","-1,9","","97","","","M","2","","","","99,58","","","","-2","","ND"
"2016-06-13 02:00","2016","06","13","02:00","-1,2","","-1,8","","96","","","M","1","","","","99,60","","","","-2","","ND"
"2016-06-13 03:00","2016","06","13","03:00","-2,0","","-2,6","","96","","","M","4","","","","99,63","","","","-3","","ND"
"2016-06-13 04:00","2016","06","13","04:00","-1,3","","-2,2","","93","","","M","4","","","","99,63","","","","-3","","ND"
"2016-06-13 05:00","2016","06","13","05:00","-0,7","","-2,1","","91","","","M","5","","","","99,67","","","","-2","","ND"
"2016-06-13 06:00","2016","06","13","06:00","1,5","","-1,0","","83","","","M","5","","","","99,69","","","","","","ND"
"2016-06-13 07:00","2016","06","13","07:00","2,1","","-1,5","","77","","","M","4","","","","99,69","","","","","","ND"
"2016-06-13 08:00","2016","06","13","08:00","3,1","","-0,4","","78","","","M","2","","","","99,70","","","","","","ND"
"2016-06-13 09:00","2016","06","13","09:00","4,6","","0,5","","75","","","M","2","","","","99,72","","","","","","ND"
"2016-06-13 10:00","2016","06","13","10:00","5,3","","0,0","","69","","","M","4","","","","99,71","","","","","","ND"
"2016-06-13 11:00","2016","06","13","11:00","5,8","","0,9","","71","","","M","10","","","","99,72","","","","","","ND"
"2016-06-13 12:00","2016","06","13","12:00","4,9","","-0,3","","69","","","M","14","","","","99,73","","","","","","ND"
"2016-06-13 13:00","2016","06","13","13:00","5,8","","0,2","","67","","","M","11","","","","99,72","","","","","","ND"
"2016-06-13 14:00","2016","06","13","14:00","5,7","","-0,4","","65","","","M","11","","","","99,71","","","","","","ND"
"2016-06-13 15:00","2016","06","13","15:00","6,7","","0,8","","66","","","M","9","","","","99,70","","","","","","ND"
"2016-06-13 16:00","2016","06","13","16:00","6,2","","-0,2","","64","","","M","13","","","","99,69","","","","","","ND"
"2016-06-13 17:00","2016","06","13","17:00","4,1","","-0,7","","71","","","M","20","","","","99,71","","","","","","ND"
"2016-06-13 18:00","2016","06","13","18:00","3,1","","-0,7","","76","","","M","18","","","","99,72","","","","","","ND"
"2016-06-13 19:00","2016","06","13","19:00","3,6","","-0,9","","72","","","M","12","","","","99,70","","","","","","ND"
"2016-06-13 20:00","2016","06","13","20:00","3,2","","-1,6","","71","","","M","2","","","","99,69","","","","","","ND"
"2016-06-13 21:00","2016","06","13","21:00","3,4","","-1,2","","72","","","M","4","","","","99,68","","","","","","ND"
"2016-06-13 22:00","2016","06","13","22:00","2,9","","-1,2","","74","","","M","1","","","","99,65","","","","","","ND"
"2016-06-13 23:00","2016","06","13","23:00","2,2","","-1,4","","77","","","M","0","","","","99,67","","","","","","ND"
"2016-06-14 00:00","2016","06","14","00:00","2,5","","-1,1","","77","","","M","1","","","","99,64","","","","","","ND"
"2016-06-14 01:00","2016","06","14","01:00","1,9","","-2,5","","73","","","M","5","","","","99,64","","","","","","ND"
"2016-06-14 02:00","2016","06","14","02:00","2,3","","-1,7","","75","","","M","2","","","","99,67","","","","","","ND"
"2016-06-14 03:00","2016","06","14","03:00","2,8","","-1,6","","73","","","M","2","","","","99,67","","","","","","ND"
"2016-06-14 04:00","2016","06","14","04:00","2,9","","-2,7","","67","","","M","3","","","","99,66","","","","","","ND"
"2016-06-14 05:00","2016","06","14","05:00","1,9","","-1,9","","76","","","M","1","","","","99,70","","","","","","ND"
"2016-06-14 06:00","2016","06","14","06:00","3,3","","-1,4","","71","","","M","2","","","","99,67","","","","","","ND"
"2016-06-14 07:00","2016","06","14","07:00","4,2","","-0,7","","70","","","M","4","","","","99,69","","","","","","ND"
"2016-06-14 08:00","2016","06","14","08:00","5,2","","0,0","","69","","","M","5","","","","99,70","","","","","","ND"
"2016-06-14 09:00","2016","06","14","09:00","7,3","","-0,7","","57","","","M","6","","","","99,66","","","","","","ND"
"2016-06-14 10:00","2016","06","14","10:00","9,0","","-0,4","","52","","","M","11","","","","99,67","","","","","","ND"
"2016-06-14 11:00","2016","06","14","11:00","9,7","","-1,2","","47","","","M","4","","","","99,66","","","","","","ND"
"2016-06-14 12:00","2016","06","14","12:00","10,4","","-1,5","","43","","","M","6","","","","99,66","","","","","","ND"
"2016-06-14 13:00","2016","06","14","13:00","11,3","","0,8","","48","","","M","7","","","","99,65","","","","","","ND"
"2016-06-14 14:00","2016","06","14","14:00","10,5","","0,7","","51","","","M","13","","","","99,65","","","","","","ND"
"2016-06-14 15:00","2016","06","14","15:00","8,9","","-1,0","","50","","","M","18","","","","99,64","","","","","","ND"
"2016-06-14 16:00","2016","06","14","16:00","8,7","","-0,6","","52","","","M","17","","","","99,64","","","","","","ND"
"2016-06-14 17:00","2016","06","14","17:00","8,3","","0,7","","59","","","M","5","","","","99,65","","","","","","ND"
"2016-06-14 18:00","2016","06","14","18:00","8,8","","0,6","","57","","","M","1","","","","99,63","","","","","","ND"
"2016-06-14 19:00","2016","06","14","19:00","8,5","","0,5","","57","","","M","1","","","","99,62","","","","","","ND"
"2016-06-14 20:00","2016","06","14","20:00","8,5","","1,5","","61","","","M","14","","","","99,60","","","","","","ND"
"2016-06-14 21:00","2016","06","14","21:00","7,7","","1,6","","65","","","M","2","","","","99,63","","","","","","ND"
"2016-06-14 22:00","2016","06","14","22:00","7,1","","1,5","","68","","","M","2","","","","99,63","","","","","","ND"
"2016-06-14 23:00","2016","06","14","23:00","5,9","","1,3","","72","","","M","2","","","","99,63","","","","","","ND"
"2016-06-15 00:00","2016","06","15","00:00","4,4","","0,6","","76","","","M","4","","","","99,64","","","","","","ND"
"2016-06-15 01:00","2016","06","15","01:00","6,1","","1,1","","70","","","M","3","","","","99,63","","","","","","ND"
"2016-06-15 02:00","2016","06","15","02:00","4,7","","0,8","","76","","","M","3","","","","99,63","","","","","","ND"
"2016-06-15 03:00","2016","06","15","03:00","4,7","","1,3","","79","","","M","6","","","","99,62","","","","","","ND"
"2016-06-15 04:00","2016","06","15","04:00","4,7","","1,3","","79","","","M","2","","","","99,65","","","","","","ND"
"2016-06-15 05:00","2016","06","15","05:00","6,0","","2,5","","78","","","M","0","","","","99,68","","","","","","ND"
"2016-06-15 06:00","2016","06","15","06:00","5,7","","1,9","","77","","","M","2","","","","99,69","","","","","","ND"
"2016-06-15 07:00","2016","06","15","07:00","6,5","","2,7","","76","","","M","5","","","","99,69","","","","","","ND"
"2016-06-15 08:00","2016","06","15","08:00","8,2","","3,8","","74","","","M","4","","","","99,68","","","","","","ND"
"2016-06-15 09:00","2016","06","15","09:00","9,3","","4,0","","69","","","M","3","","","","99,68","","","","","","ND"
"2016-06-15 10:00","2016","06","15","10:00","10,2","","4,8","","69","","","M","8","","","","99,64","","","","","","ND"
"2016-06-15 11:00","2016","06","15","11:00","10,3","","4,4","","67","","","M","12","","","","99,63","","","","","","ND"
"2016-06-15 12:00","2016","06","15","12:00","9,8","","3,2","","64","","","M","12","","","","99,62","","","","","","ND"
"2016-06-15 13:00","2016","06","15","13:00","9,3","","3,3","","66","","","M","14","","","","99,62","","","","","","ND"
"2016-06-15 14:00","2016","06","15","14:00","9,4","","2,7","","63","","","M","17","","","","99,60","","","","","","ND"
"2016-06-15 15:00","2016","06","15","15:00","7,6","","2,2","","69","","","M","16","","","","99,57","","","","","","ND"
"2016-06-15 16:00","2016","06","15","16:00","7,3","","2,1","","69","","","M","16","","","","99,54","","","","","","ND"
"2016-06-15 17:00","2016","06","15","17:00","7,6","","1,0","","63","","","M","13","","","","99,54","","","","","","ND"
"2016-06-15 18:00","2016","06","15","18:00","7,5","","2,4","","70","","","M","11","","","","99,57","","","","","","ND"
"2016-06-15 19:00","2016","06","15","19:00","6,6","","2,9","","77","","","M","13","","","","99,54","","","","","","ND"
"2016-06-15 20:00","2016","06","15","20:00","5,4","","2,4","","81","","","M","16","","","","99,52","","","","","","ND"
"2016-06-15 21:00","2016","06","15","21:00","4,5","","2,2","","85","","","M","13","","","","99,53","","","","","","ND"
"2016-06-15 22:00","2016","06","15","22:00","3,8","","1,7","","86","","","M","10","","","","99,51","","","","","","ND"
"2016-06-15 23:00","2016","06","15","23:00","3,3","","1,4","","87","","","M","9","","","","99,49","","","","","","ND"
"2016-06-16 00:00","2016","06","16","00:00","2,8","","0,9","","88","","","M","11","","","","99,48","","","","","","ND"
"2016-06-16 01:00","2016","06","16","01:00","2,6","","0,8","","88","","","M","9","","","","99,48","","","","","","ND"
"2016-06-16 02:00","2016","06","16","02:00","2,7","","0,4","","85","","","M","3","","","","99,48","","","","","","ND"
"2016-06-16 03:00","2016","06","16","03:00","3,0","","-1,5","","73","","","M","5","","","","99,46","","","","","","ND"
"2016-06-16 04:00","2016","06","16","04:00","2,9","","-1,8","","71","","","M","5","","","","99,44","","","","","","ND"
"2016-06-16 05:00","2016","06","16","05:00","3,5","","-0,2","","77","","","M","5","","","","99,45","","","","","","ND"
"2016-06-16 06:00","2016","06","16","06:00","5,1","","-0,2","","69","","","M","6","","","","99,47","","","","","","ND"
"2016-06-16 07:00","2016","06","16","07:00","5,9","","1,6","","74","","","M","7","","","","99,49","","","","","","ND"
"2016-06-16 08:00","2016","06","16","08:00","6,3","","2,0","","74","","","M","10","","","","99,50","","","","","","ND"
"2016-06-16 09:00","2016","06","16","09:00","7,1","","2,7","","73","","","M","12","","","","99,50","","","","","","ND"
"2016-06-16 10:00","2016","06","16","10:00","6,7","","3,6","","81","","","M","16","","","","99,52","","","","","","ND"
"2016-06-16 11:00","2016","06","16","11:00","7,1","","4,1","","81","","","M","17","","","","99,46","","","","","","ND"
"2016-06-16 12:00","2016","06","16","12:00","7,9","","3,9","","76","","","M","10","","","","99,42","","","","","","ND"
"2016-06-16 13:00","2016","06","16","13:00","9,1","","3,8","","69","","","M","9","","","","99,39","","","","","","ND"
"2016-06-16 14:00","2016","06","16","14:00","9,2","","3,1","","66","","","M","9","","","","99,39","","","","","","ND"
"2016-06-16 15:00","2016","06","16","15:00","9,4","","1,5","","58","","","M","12","","","","99,41","","","","","","ND"
"2016-06-16 16:00","2016","06","16","16:00","8,2","","1,0","","61","","","M","14","","","","99,40","","","","","","ND"
"2016-06-16 17:00","2016","06","16","17:00","8,0","","0,2","","58","","","M","10","","","","99,38","","","","","","ND"
"2016-06-16 18:00","2016","06","16","18:00","6,7","","-1,1","","58","","","M","15","","","","99,39","","","","","","ND"
"2016-06-16 19:00","2016","06","16","19:00","6,4","","-0,8","","60","","","M","13","","","","99,39","","","","","","ND"
"2016-06-16 20:00","2016","06","16","20:00","6,9","","-1,2","","56","","","M","5","","","","99,33","","","","","","ND"
"2016-06-16 21:00","2016","06","16","21:00","6,7","","-0,4","","61","","","M","1","","","","99,27","","","","","","ND"
"2016-06-16 22:00","2016","06","16","22:00","5,5","","0,5","","70","","","M","2","","","","99,25","","","","","","ND"
"2016-06-16 23:00","2016","06","16","23:00","5,7","","0,0","","67","","","M","2","","","","99,21","","","","","","ND"
"2016-06-17 00:00","2016","06","17","00:00","4,9","","-0,1","","70","","","M","3","","","","99,21","","","","","","ND"
"2016-06-17 01:00","2016","06","17","01:00","5,2","","-0,2","","68","","","M","1","","","","99,21","","","","","","ND"
"2016-06-17 02:00","2016","06","17","02:00","5,1","","-0,2","","69","","","M","2","","","","99,17","","","","","","ND"
"2016-06-17 03:00","2016","06","17","03:00","4,1","","-0,2","","74","","","M","4","","","","99,18","","","","","","ND"
"2016-06-17 04:00","2016","06","17","04:00","4,9","","-0,2","","70","","","M","5","","","","99,18","","","","","","ND"
"2016-06-17 05:00","2016","06","17","05:00","5,2","","0,4","","71","","","M","3","","","","99,15","","","","","","ND"
"2016-06-17 06:00","2016","06","17","06:00","6,5","","0,6","","66","","","M","6","","","","99,10","","","","","","ND"
"2016-06-17 07:00","2016","06","17","07:00","7,2","","1,0","","65","","","M","6","","","","99,13","","","","","","ND"
"2016-06-17 08:00","2016","06","17","08:00","8,4","","1,2","","60","","","M","9","","","","99,11","","","","","","ND"
"2016-06-17 09:00","2016","06","17","09:00","10,4","","1,7","","55","","","M","13","","","","99,06","","","","","","ND"
"2016-06-17 10:00","2016","06","17","10:00","11,3","","2,4","","54","","","M","17","","","","98,97","","","","","","ND"
"2016-06-17 11:00","2016","06","17","11:00","12,7","","2,1","","48","","","M","13","","","","98,92","","","","","","ND"
"2016-06-17 12:00","2016","06","17","12:00","13,3","","-0,9","","37","","","M","20","","","","98,90","","","","","","ND"
"2016-06-17 13:00","2016","06","17","13:00","12,9","","1,4","","45","","","M","22","","","","98,85","","","","","","ND"
"2016-06-17 14:00","2016","06","17","14:00","13,7","","-0,9","","36","","","M","21","","","","98,80","","","","","","ND"
"2016-06-17 15:00","2016","06","17","15:00","13,5","","3,6","","51","","","M","21","","","","98,70","","","","","","ND"
"2016-06-17 16:00","2016","06","17","16:00","13,3","","4,8","","57","","","M","32","","","","98,63","","","","","","ND"
"2016-06-17 17:00","2016","06","17","17:00","12,6","","4,8","","59","","","M","29","","","","98,63","","","","","","ND"
"2016-06-17 18:00","2016","06","17","18:00","12,0","","4,6","","60","","","M","30","","","","98,53","","","","","","ND"
"2016-06-17 19:00","2016","06","17","19:00","11,4","","4,6","","63","","","M","24","","","","98,44","","","","","","ND"
"2016-06-17 20:00","2016","06","17","20:00","9,6","","3,8","","67","","","M","29","","","","98,32","","","","","","ND"
"2016-06-17 21:00","2016","06","17","21:00","9,4","","3,2","","65","","","M","33","","","","98,19","","","","","","ND"
"2016-06-17 22:00","2016","06","17","22:00","8,8","","3,2","","68","","","M","46","","","","98,07","","","","","","ND"
"2016-06-17 23:00","2016","06","17","23:00","8,0","","2,6","","68","","","M","58","","","","97,88","","","","","","ND"
"2016-06-18 00:00","2016","06","18","00:00","8,6","","2,3","","64","","","M","48","","","","97,85","","","","","","ND"
"2016-06-18 01:00","2016","06","18","01:00","7,7","","1,8","","66","","","M","47","","","","97,74","","","","","","ND"
"2016-06-18 02:00","2016","06","18","02:00","8,2","","1,6","","63","","","M","51","","","","97,62","","","","","","ND"
"2016-06-18 03:00","2016","06","18","03:00","9,7","","0,8","","54","","","M","52","","","","97,56","","","","","","ND"
"2016-06-18 04:00","2016","06","18","04:00","8,3","","1,1","","60","","","M","31","","","","97,48","","","","","","ND"
"2016-06-18 05:00","2016","06","18","05:00","6,8","","0,9","","66","","","M","43","","","","97,27","","","","","","ND"
"2016-06-18 06:00","2016","06","18","06:00","6,1","","1,3","","71","","","M","56","","","","97,26","","","","","","ND"
"2016-06-18 07:00","2016","06","18","07:00","7,8","","2,5","","69","","","M","60","","","","97,07","","","","","","ND"
"2016-06-18 08:00","2016","06","18","08:00","6,6","","3,0","","77","","","M","55","","","","97,04","","","","","","ND"
"2016-06-18 09:00","2016","06","18","09:00","7,9","","4,6","","79","","","M","51","","","","97,00","","","","","","ND"
"2016-06-18 10:00","2016","06","18","10:00","8,8","","5,2","","78","","","M","47","","","","96,96","","","","","","ND"
"2016-06-18 11:00","2016","06","18","11:00","7,7","","5,4","","86","","","M","49","","","","96,84","","","","","","ND"
"2016-06-18 12:00","2016","06","18","12:00","9,7","","7,0","","83","","","M","56","","","","96,86","","","","","","ND"
"2016-06-18 13:00","2016","06","18","13:00","10,3","","6,7","","79","","","M","49","","","","96,80","","","","","","ND"
"2016-06-18 14:00","2016","06","18","14:00","10,7","","6,6","","76","","","M","36","","","","96,94","","","","","","ND"
"2016-06-18 15:00","2016","06","18","15:00","9,6","","6,2","","79","","","M","44","","","","96,88","","","","","","ND"
"2016-06-18 16:00","2016","06","18","16:00","9,3","","6,6","","84","","","M","36","","","","96,87","","","","","","ND"
"2016-06-18 17:00","2016","06","18","17:00","8,0","","5,3","","83","","","M","17","","","","96,96","","","","","","ND"
"2016-06-18 18:00","2016","06","18","18:00","7,7","","5,9","","88","","","M","23","","","","96,94","","","","","","ND"
"2016-06-18 19:00","2016","06","18","19:00","6,7","","5,2","","90","","","M","36","","","","96,99","","","","","","ND"
"2016-06-18 20:00","2016","06","18","20:00","5,2","","3,5","","89","","","M","32","","","","97,02","","","","","","ND"
"2016-06-18 21:00","2016","06","18","21:00","4,5","","3,3","","92","","","M","22","","","","97,04","","","","","","ND"
"2016-06-18 22:00","2016","06","18","22:00","2,7","","1,5","","92","","","M","30","","","","97,14","","","","","","ND"
"2016-06-18 23:00","2016","06","18","23:00","1,6","","0,5","","92","","","M","16","","","","97,22","","","","","","ND"
"2016-06-19 00:00","2016","06","19","00:00","0,9","","-0,3","","92","","","M","30","","","","97,25","","","","","","ND"
"2016-06-19 01:00","2016","06","19","01:00","1,4","","-0,9","","85","","","M","16","","","","97,31","","","","","","ND"
"2016-06-19 02:00","2016","06","19","02:00","1,0","","-1,0","","87","","","M","22","","","","97,36","","","","","","ND"
"2016-06-19 03:00","2016","06","19","03:00","0,0","","-1,4","","90","","","M","29","","","","97,34","","","","-6","","ND"
"2016-06-19 04:00","2016","06","19","04:00","0,5","","-1,3","","88","","","M","31","","","","97,37","","","","","","ND"
"2016-06-19 05:00","2016","06","19","05:00","1,3","","-1,1","","84","","","M","31","","","","97,41","","","","","","ND"
"2016-06-19 06:00","2016","06","19","06:00","1,8","","-1,2","","80","","","M","28","","","","97,39","","","","","","ND"
"2016-06-19 07:00","2016","06","19","07:00","3,0","","-0,2","","79","","","M","33","","","","97,37","","","","","","ND"
"2016-06-19 08:00","2016","06","19","08:00","3,9","","-0,1","","75","","","M","29","","","","97,42","","","","","","ND"
"2016-06-19 09:00","2016","06","19","09:00","5,1","","1,1","","75","","","M","25","","","","97,43","","","","","","ND"
"2016-06-19 10:00","2016","06","19","10:00","5,2","","1,1","","75","","","M","36","","","","97,40","","","","","","ND"
"2016-06-19 11:00","2016","06","19","11:00","6,1","","1,2","","71","","","M","43","","","","97,38","","","","","","ND"
"2016-06-19 12:00","2016","06","19","12:00","7,1","","1,2","","66","","","M","40","","","","97,39","","","","","","ND"
"2016-06-19 13:00","2016","06","19","13:00","7,6","","-0,1","","58","","","M","34","","","","97,41","","","","","","ND"
"2016-06-19 14:00","2016","06","19","14:00","7,8","","0,6","","60","","","M","45","","","","97,35","","","","","","ND"
"2016-06-19 15:00","2016","06","19","15:00","7,8","","0,9","","61","","","M","43","","","","97,36","","","","","","ND"
"2016-06-19 16:00","2016","06","19","16:00","7,1","","0,5","","63","","","M","44","","","","97,38","","","","","","ND"
"2016-06-19 17:00","2016","06","19","17:00","7,4","","0,3","","60","","","M","46","","","","97,38","","","","","","ND"
"2016-06-19 18:00","2016","06","19","18:00","7,2","","0,2","","61","","","M","40","","","","97,41","","","","","","ND"
"2016-06-19 19:00","2016","06","19","19:00","7,0","","0,3","","62","","","M","35","","","","97,43","","","","","","ND"
"2016-06-19 20:00","2016","06","19","20:00","5,2","","2,2","","81","","","M","25","","","","97,46","","","","","","ND"
"2016-06-19 21:00","2016","06","19","21:00","5,6","","2,7","","82","","","M","34","","","","97,38","","","","","","ND"
"2016-06-19 22:00","2016","06","19","22:00","5,2","","2,3","","82","","","M","32","","","","97,40","","","","","","ND"
"2016-06-19 23:00","2016","06","19","23:00","4,8","","1,4","","78","","","M","38","","","","97,37","","","","","","ND"
"2016-06-20 00:00","2016","06","20","00:00","4,9","","1,7","","80","","","M","37","","","","97,35","","","","","","ND"
"2016-06-20 01:00","2016","06","20","01:00","4,4","","1,7","","83","","","M","33","","","","97,35","","","","","","ND"
"2016-06-20 02:00","2016","06","20","02:00","4,9","","2,2","","83","","","M","38","","","","97,30","","","","","","ND"
"2016-06-20 03:00","2016","06","20","03:00","4,2","","2,0","","86","","","M","39","","","","97,28","","","","","","ND"
"2016-06-20 04:00","2016","06","20","04:00","4,0","","1,9","","86","","","M","29","","","","97,34","","","","","","ND"
"2016-06-20 05:00","2016","06","20","05:00","3,1","","1,6","","90","","","M","22","","","","97,37","","","","","","ND"
"2016-06-20 06:00","2016","06","20","06:00","4,0","","2,2","","88","","","M","16","","","","97,34","","","","","","ND"
"2016-06-20 07:00","2016","06","20","07:00","4,5","","1,9","","83","","","M","20","","","","97,32","","","","","","ND"
"2016-06-20 08:00","2016","06","20","08:00","5,7","","2,9","","82","","","M","25","","","","97,29","","","","","","ND"
"2016-06-20 09:00","2016","06","20","09:00","6,5","","2,5","","76","","","M","19","","","","97,29","","","","","","ND"
"2016-06-20 10:00","2016","06","20","10:00","8,3","","2,4","","67","","","M","18","","","","97,26","","","","","","ND"
"2016-06-20 11:00","2016","06","20","11:00","9,0","","2,7","","65","","","M","14","","","","97,24","","","","","","ND"
"2016-06-20 12:00","2016","06","20","12:00","8,9","","3,3","","68","","","M","22","","","","97,22","","","","","","ND"
"2016-06-20 13:00","2016","06","20","13:00","10,3","","3,7","","64","","","M","18","","","","97,22","","","","","","ND"
"2016-06-20 14:00","2016","06","20","14:00","9,9","","3,0","","62","","","M","18","","","","97,20","","","","","","ND"
"2016-06-20 15:00","2016","06","20","15:00","9,7","","2,5","","61","","","M","12","","","","97,17","","","","","","ND"
"2016-06-20 16:00","2016","06","20","16:00","7,8","","2,6","","70","","","M","20","","","","97,18","","","","","","ND"
"2016-06-20 17:00","2016","06","20","17:00","7,7","","2,6","","70","","","M","22","","","","97,15","","","","","","ND"
"2016-06-20 18:00","2016","06","20","18:00","7,0","","2,4","","73","","","M","19","","","","97,15","","","","","","ND"
"2016-06-20 19:00","2016","06","20","19:00","5,3","","1,9","","78","","","M","23","","","","97,13","","","","","","ND"
"2016-06-20 20:00","2016","06","20","20:00","2,9","","1,1","","88","","","M","17","","","","97,13","","","","","","ND"
"2016-06-20 21:00","2016","06","20","21:00","1,9","","0,6","","91","","","M","22","","","","97,11","","","","","","ND"
"2016-06-20 22:00","2016","06","20","22:00","1,1","","0,4","","95","","","M","10","","","","97,11","","","","","","ND"
"2016-06-20 23:00","2016","06","20","23:00","0,6","","0,0","","96","","","M","4","","","","97,14","","","","","","ND"
"2016-06-21 00:00","2016","06","21","00:00","0,5","","-0,1","","96","","","M","5","","","","97,09","","","","","","ND"
"2016-06-21 01:00","2016","06","21","01:00","0,2","","-0,3","","96","","","M","8","","","","97,07","","","","","","ND"
"2016-06-21 02:00","2016","06","21","02:00","-0,3","","-0,8","","97","","","M","18","","","","97,01","","","","-5","","ND"
"2016-06-21 03:00","2016","06","21","03:00","-0,4","","-0,9","","97","","","M","18","","","","97,00","","","","-5","","ND"
"2016-06-21 04:00","2016","06","21","04:00","-0,6","","-1,1","","97","","","M","15","","","","96,99","","","","-5","","ND"
"2016-06-21 05:00","2016","06","21","05:00","-0,5","","-0,9","","97","","","M","8","","","","97,01","","","","-3","","ND"
"2016-06-21 06:00","2016","06","21","06:00","0,1","","-0,3","","97","","","M","16","","","","97,04","","","","","","ND"
"2016-06-21 07:00","2016","06","21","07:00","1,1","","0,7","","97","","","M","27","","","","97,01","","","","","","ND"
"2016-06-21 08:00","2016","06","21","08:00","2,3","","1,9","","97","","","M","27","","","","96,99","","","","","","ND"
"2016-06-21 09:00","2016","06","21","09:00","3,2","","1,7","","90","","","M","40","","","","96,93","","","","","","ND"
"2016-06-21 10:00","2016","06","21","10:00","2,2","","0,3","","87","","","M","34","","","","96,97","","","","","","ND"
"2016-06-21 11:00","2016","06","21","11:00","1,9","","-0,2","","86","","","M","23","","","","96,97","","","","","","ND"
"2016-06-21 12:00","2016","06","21","12:00","3,1","","0,8","","85","","","M","23","","","","96,93","","","","","","ND"
"2016-06-21 13:00","2016","06","21","13:00","2,6","","0,4","","85","","","M","27","","","","96,92","","","","","","ND"
"2016-06-21 14:00","2016","06","21","14:00","2,7","","0,0","","82","","","M","25","","","","96,92","","","","","","ND"
"2016-06-21 15:00","2016","06","21","15:00","2,7","","0,3","","84","","","M","21","","","","96,93","","","","","","ND"
"2016-06-21 16:00","2016","06","21","16:00","2,6","","0,0","","83","","","M","22","","","","96,91","","","","","","ND"
"2016-06-21 17:00","2016","06","21","17:00","4,1","","0,7","","78","","","M","23","","","","96,90","","","","","","ND"
"2016-06-21 18:00","2016","06","21","18:00","2,8","","0,0","","82","","","M","24","","","","96,88","","","","","","ND"
"2016-06-21 19:00","2016","06","21","19:00","2,8","","0,3","","84","","","M","25","","","","96,85","","","","","","ND"
"2016-06-21 20:00","2016","06","21","20:00","2,2","","0,0","","86","","","M","23","","","","96,84","","","","","","ND"
"2016-06-21 21:00","2016","06","21","21:00","1,9","","0,0","","87","","","M","19","","","","96,82","","","","","","ND"
"2016-06-21 22:00","2016","06","21","22:00","1,4","","-0,1","","90","","","M","18","","","","96,80","","","","","","ND"
"2016-06-21 23:00","2016","06","21","23:00","1,5","","0,0","","90","","","M","23","","","","96,76","","","","","","ND"
"2016-06-22 00:00","2016","06","22","00:00","1,5","","0,3","","92","","","M","28","","","","96,71","","","","","","ND"
"2016-06-22 01:00","2016","06","22","01:00","0,9","","0,0","","93","","","M","29","","","","96,68","","","","","","ND"
"2016-06-22 02:00","2016","06","22","02:00","0,6","","-0,1","","95","","","M","24","","","","96,64","","","","","","ND"
"2016-06-22 03:00","2016","06","22","03:00","0,6","","-0,1","","96","","","M","29","","","","96,61","","","","","","ND"
"2016-06-22 04:00","2016","06","22","04:00","0,3","","-0,3","","96","","","M","35","","","","96,59","","","","","","ND"
"2016-06-22 05:00","2016","06","22","05:00","0,1","","-0,4","","97","","","M","38","","","","96,59","","","","","","ND"
"2016-06-22 06:00","2016","06","22","06:00","-0,2","","-0,6","","97","","","M","34","","","","96,59","","","","-7","","ND"
"2016-06-22 07:00","2016","06","22","07:00","-0,5","","-0,9","","97","","","M","30","","","","96,65","","","","-7","","ND"
"2016-06-22 08:00","2016","06","22","08:00","-0,3","","-0,7","","97","","","M","30","","","","96,64","","","","-7","","ND"
"2016-06-22 09:00","2016","06","22","09:00","0,3","","-0,2","","97","","","M","31","","","","96,67","","","","","","ND"
"2016-06-22 10:00","2016","06","22","10:00","0,7","","0,2","","97","","","M","14","","","","96,68","","","","","","ND"
"2016-06-22 11:00","2016","06","22","11:00","1,4","","0,8","","96","","","M","10","","","","96,66","","","","","","ND"
"2016-06-22 12:00","2016","06","22","12:00","3,1","","1,8","","92","","","M","20","","","","96,62","","","","","","ND"
"2016-06-22 13:00","2016","06","22","13:00","2,4","","1,3","","92","","","M","26","","","","96,65","","","","","","ND"
"2016-06-22 14:00","2016","06","22","14:00","2,4","","0,9","","90","","","M","33","","","","96,67","","","","","","ND"
"2016-06-22 15:00","2016","06","22","15:00","4,5","","2,3","","85","","","M","30","","","","96,65","","","","","","ND"
"2016-06-22 16:00","2016","06","22","16:00","4,2","","1,5","","83","","","M","33","","","","96,66","","","","","","ND"
"2016-06-22 17:00","2016","06","22","17:00","4,6","","1,3","","79","","","M","38","","","","96,65","","","","","","ND"
"2016-06-22 18:00","2016","06","22","18:00","3,1","","0,6","","83","","","M","34","","","","96,67","","","","","","ND"
"2016-06-22 19:00","2016","06","22","19:00","2,1","","0,1","","87","","","M","31","","","","96,67","","","","","","ND"
"2016-06-22 20:00","2016","06","22","20:00","2,5","","-0,1","","83","","","M","39","","","","96,65","","","","","","ND"
"2016-06-22 21:00","2016","06","22","21:00","1,9","","-0,6","","84","","","M","34","","","","96,66","","","","","","ND"
"2016-06-22 22:00","2016","06","22","22:00","1,6","","-1,0","","83","","","M","35","","","","96,65","","","","","","ND"
"2016-06-22 23:00","2016","06","22","23:00","1,8","","-0,9","","82","","","M","34","","","","96,64","","","","","","ND"
"2016-06-23 00:00","2016","06","23","00:00","2,6","","-0,6","","79","","","M","21","","","","96,64","","","","","","ND"
"2016-06-23 01:00","2016","06","23","01:00","2,8","","-0,5","","79","","","M","23","","","","96,59","","","","","","ND"
"2016-06-23 02:00","2016","06","23","02:00","3,0","","-0,5","","78","","","M","27","","","","96,61","","","","","","ND"
"2016-06-23 03:00","2016","06","23","03:00","2,4","","-0,7","","80","","","M","23","","","","96,63","","","","","","ND"
"2016-06-23 04:00","2016","06","23","04:00","2,2","","-0,5","","82","","","M","15","","","","96,67","","","","","","ND"
"2016-06-23 05:00","2016","06","23","05:00","1,6","","-0,6","","85","","","M","18","","","","96,71","","","","","","ND"
"2016-06-23 06:00","2016","06","23","06:00","0,8","","-0,8","","89","","","M","28","","","","96,74","","","","","","ND"
"2016-06-23 07:00","2016","06","23","07:00","0,5","","-0,8","","91","","","M","16","","","","96,80","","","","","","ND"
"2016-06-23 08:00","2016","06","23","08:00","0,3","","-0,7","","94","","","M","23","","","","96,81","","","","","","ND"
"2016-06-23 09:00","2016","06","23","09:00","0,3","","-0,6","","94","","","M","26","","","","96,83","","","","","","ND"
"2016-06-23 10:00","2016","06","23","10:00","0,9","","-0,2","","93","","","M","24","","","","96,85","","","","","","ND"
"2016-06-23 11:00","2016","06","23","11:00","1,2","","0,2","","93","","","M","20","","","","96,90","","","","","","ND"
"2016-06-23 12:00","2016","06","23","12:00","0,8","","0,0","","94","","","M","17","","","","96,96","","","","","","ND"
"2016-06-23 13:00","2016","06","23","13:00","1,1","","0,1","","93","","","M","16","","","","97,02","","","","","","ND"
"2016-06-23 14:00","2016","06","23","14:00","1,1","","0,0","","92","","","M","12","","","","97,06","","","","","","ND"
"2016-06-23 15:00","2016","06","23","15:00","1,4","","0,3","","93","","","M","7","","","","97,10","","","","","","ND"
"2016-06-23 16:00","2016","06","23","16:00","1,4","","0,4","","93","","","M","15","","","","97,15","","","","","","ND"
"2016-06-23 17:00","2016","06","23","17:00","1,1","","0,3","","94","","","M","16","","","","97,22","","","","","","ND"
"2016-06-23 18:00","2016","06","23","18:00","1,5","","0,1","","90","","","M","4","","","","97,25","","","","","","ND"
"2016-06-23 19:00","2016","06","23","19:00","2,2","","0,7","","90","","","M","10","","","","97,26","","","","","","ND"
"2016-06-23 20:00","2016","06","23","20:00","1,8","","0,3","","90","","","M","15","","","","97,29","","","","","","ND"
"2016-06-23 21:00","2016","06","23","21:00","1,5","","0,0","","90","","","M","19","","","","97,31","","","","","","ND"
"2016-06-23 22:00","2016","06","23","22:00","1,3","","0,0","","91","","","M","15","","","","97,35","","","","","","ND"
"2016-06-23 23:00","2016","06","23","23:00","1,6","","0,0","","89","","","M","10","","","","97,34","","","","","","ND"
"2016-06-24 00:00","2016","06","24","00:00","1,1","","-0,3","","90","","","M","5","","","","97,33","","","","","","ND"
"2016-06-24 01:00","2016","06","24","01:00","0,6","","-0,2","","94","","","M","8","","","","97,34","","","","","","ND"
"2016-06-24 02:00","2016","06","24","02:00","0,9","","-0,6","","90","","","M","13","","","","97,36","","","","","","ND"
"2016-06-24 03:00","2016","06","24","03:00","1,6","","-0,4","","87","","","M","18","","","","97,39","","","","","","ND"
"2016-06-24 04:00","2016","06","24","04:00","1,8","","-0,3","","86","","","M","16","","","","97,41","","","","","","ND"
"2016-06-24 05:00","2016","06","24","05:00","1,6","","-0,1","","88","","","M","21","","","","97,42","","","","","","ND"
"2016-06-24 06:00","2016","06","24","06:00","0,8","","-0,2","","93","","","M","26","","","","97,44","","","","","","ND"
"2016-06-24 07:00","2016","06","24","07:00","0,9","","0,2","","95","","","M","30","","","","97,45","","","","","","ND"
"2016-06-24 08:00","2016","06","24","08:00","1,9","","1,0","","94","","","M","29","","","","97,46","","","","","","ND"
"2016-06-24 09:00","2016","06","24","09:00","2,5","","1,3","","92","","","M","30","","","","97,47","","","","","","ND"
"2016-06-24 10:00","2016","06","24","10:00","3,1","","1,6","","90","","","M","28","","","","97,47","","","","","","ND"
"2016-06-24 11:00","2016","06","24","11:00","3,4","","1,3","","86","","","M","26","","","","97,49","","","","","","ND"
"2016-06-24 12:00","2016","06","24","12:00","3,6","","1,7","","87","","","M","20","","","","97,53","","","","","","ND"
"2016-06-24 13:00","2016","06","24","13:00","4,4","","1,9","","84","","","M","13","","","","97,58","","","","","","ND"
"2016-06-24 14:00","2016","06","24","14:00","4,4","","1,4","","81","","","M","12","","","","97,62","","","","","","ND"
"2016-06-24 15:00","2016","06","24","15:00","4,3","","1,9","","85","","","M","19","","","","97,69","","","","","","ND"
"2016-06-24 16:00","2016","06","24","16:00","4,1","","1,9","","85","","","M","16","","","","97,73","","","","","","ND"
"2016-06-24 17:00","2016","06","24","17:00","3,6","","1,0","","83","","","M","13","","","","97,78","","","","","","ND"
"2016-06-24 18:00","2016","06","24","18:00","3,8","","0,4","","78","","","M","13","","","","97,79","","","","","","ND"
"2016-06-24 19:00","2016","06","24","19:00","3,9","","0,2","","77","","","M","16","","","","97,83","","","","","","ND"
"2016-06-24 20:00","2016","06","24","20:00","3,2","","0,2","","81","","","M","13","","","","97,86","","","","","","ND"
"2016-06-24 21:00","2016","06","24","21:00","2,7","","0,1","","83","","","M","20","","","","97,88","","","","","","ND"
"2016-06-24 22:00","2016","06","24","22:00","2,3","","-0,3","","83","","","M","19","","","","97,88","","","","","","ND"
"2016-06-24 23:00","2016","06","24","23:00","1,4","","-1,0","","84","","","M","16","","","","97,90","","","","","","ND"
"2016-06-25 00:00","2016","06","25","00:00","1,1","","-1,7","","82","","","M","22","","","","97,93","","","","","","ND"
"2016-06-25 01:00","2016","06","25","01:00","0,9","","-1,9","","82","","","M","13","","","","97,98","","","","","","ND"
"2016-06-25 02:00","2016","06","25","02:00","0,8","","-1,3","","86","","","M","16","","","","98,00","","","","","","ND"
"2016-06-25 03:00","2016","06","25","03:00","0,7","","-0,9","","89","","","M","23","","","","98,03","","","","","","ND"
"2016-06-25 04:00","2016","06","25","04:00","0,7","","-0,7","","91","","","M","24","","","","98,03","","","","","","ND"
"2016-06-25 05:00","2016","06","25","05:00","1,1","","-0,5","","89","","","M","29","","","","98,05","","","","","","ND"
"2016-06-25 06:00","2016","06","25","06:00","1,9","","-0,8","","82","","","M","24","","","","98,06","","","","","","ND"
"2016-06-25 07:00","2016","06","25","07:00","2,7","","-0,6","","79","","","M","31","","","","98,08","","","","","","ND"
"2016-06-25 08:00","2016","06","25","08:00","3,7","","0,0","","77","","","M","30","","","","98,11","","","","","","ND"
"2016-06-25 09:00","2016","06","25","09:00","4,3","","-0,8","","69","","","M","25","","","","98,15","","","","","","ND"
"2016-06-25 10:00","2016","06","25","10:00","5,3","","-0,8","","65","","","M","22","","","","98,18","","","","","","ND"
"2016-06-25 11:00","2016","06","25","11:00","5,4","","-1,7","","61","","","M","25","","","","98,19","","","","","","ND"
"2016-06-25 12:00","2016","06","25","12:00","7,1","","-1,6","","54","","","M","31","","","","98,20","","","","","","ND"
"2016-06-25 13:00","2016","06","25","13:00","6,5","","-2,4","","53","","","M","27","","","","98,23","","","","","","ND"
"2016-06-25 14:00","2016","06","25","14:00","7,1","","-1,3","","55","","","M","25","","","","98,25","","","","","","ND"
"2016-06-25 15:00","2016","06","25","15:00","5,0","","-0,4","","68","","","M","21","","","","98,30","","","","","","ND"
"2016-06-25 16:00","2016","06","25","16:00","6,0","","-1,1","","60","","","M","12","","","","98,33","","","","","","ND"
"2016-06-25 17:00","2016","06","25","17:00","6,3","","-1,9","","56","","","M","20","","","","98,35","","","","","","ND"
"2016-06-25 18:00","2016","06","25","18:00","6,5","","-0,7","","60","","","M","22","","","","98,37","","","","","","ND"
"2016-06-25 19:00","2016","06","25","19:00","5,0","","-1,8","","61","","","M","14","","","","98,39","","","","","","ND"
"2016-06-25 20:00","2016","06","25","20:00","3,4","","-1,7","","69","","","M","4","","","","98,42","","","","","","ND"
"2016-06-25 21:00","2016","06","25","21:00","3,2","","-1,2","","73","","","M","20","","","","98,42","","","","","","ND"
"2016-06-25 22:00","2016","06","25","22:00","2,7","","-1,4","","74","","","M","18","","","","98,43","","","","","","ND"
"2016-06-25 23:00","2016","06","25","23:00","2,5","","-1,3","","76","","","M","20","","","","98,44","","","","","","ND"
"2016-06-26 00:00","2016","06","26","00:00","2,7","","-1,6","","74","","","M","21","","","","98,45","","","","","","ND"
"2016-06-26 01:00","2016","06","26","01:00","1,4","","-2,3","","77","","","M","16","","","","98,46","","","","","","ND"
"2016-06-26 02:00","2016","06","26","02:00","1,2","","-2,3","","78","","","M","15","","","","98,47","","","","","","ND"
"2016-06-26 03:00","2016","06","26","03:00","1,2","","-2,3","","77","","","M","13","","","","98,46","","","","","","ND"
"2016-06-26 04:00","2016","06","26","04:00","2,1","","-1,7","","76","","","M","15","","","","98,48","","","","","","ND"
"2016-06-26 05:00","2016","06","26","05:00","2,5","","-1,3","","77","","","M","25","","","","98,46","","","","","","ND"
"2016-06-26 06:00","2016","06","26","06:00","2,8","","-0,7","","78","","","M","23","","","","98,48","","","","","","ND"
"2016-06-26 07:00","2016","06","26","07:00","3,6","","-1,1","","72","","","M","27","","","","98,43","","","","","","ND"
"2016-06-26 08:00","2016","06","26","08:00","5,1","","-0,3","","68","","","M","28","","","","98,39","","","","","","ND"
"2016-06-26 09:00","2016","06","26","09:00","6,7","","-0,2","","61","","","M","24","","","","98,35","","","","","","ND"
"2016-06-26 10:00","2016","06","26","10:00","7,1","","-0,8","","57","","","M","30","","","","98,32","","","","","","ND"
"2016-06-26 11:00","2016","06","26","11:00","7,1","","-0,3","","59","","","M","32","","","","98,30","","","","","","ND"
"2016-06-26 12:00","2016","06","26","12:00","7,7","","0,0","","58","","","M","33","","","","98,25","","","","","","ND"
"2016-06-26 13:00","2016","06","26","13:00","7,1","","0,0","","61","","","M","34","","","","98,22","","","","","","ND"
"2016-06-26 14:00","2016","06","26","14:00","7,4","","0,9","","63","","","M","30","","","","98,19","","","","","","ND"
"2016-06-26 15:00","2016","06","26","15:00","6,2","","2,1","","75","","","M","29","","","","98,16","","","","","","ND"
"2016-06-26 16:00","2016","06","26","16:00","4,9","","2,3","","83","","","M","25","","","","98,18","","","","","","ND"
"2016-06-26 17:00","2016","06","26","17:00","2,7","","1,8","","94","","","M","15","","","","98,18","","","","","","ND"
"2016-06-26 18:00","2016","06","26","18:00","1,7","","1,1","","96","","","M","16","","","","98,20","","","","","","ND"
"2016-06-26 19:00","2016","06","26","19:00","2,0","","1,0","","93","","","M","6","","","","98,18","","","","","","ND"
"2016-06-26 20:00","2016","06","26","20:00","2,3","","1,1","","92","","","M","2","","","","98,20","","","","","","ND"
"2016-06-26 21:00","2016","06","26","21:00","2,0","","1,1","","94","","","M","4","","","","98,15","","","","","","ND"
"2016-06-26 22:00","2016","06","26","22:00","2,0","","1,2","","94","","","M","7","","","","98,16","","","","","","ND"
"2016-06-26 23:00","2016","06","26","23:00","1,0","","0,5","","96","","","M","11","","","","98,17","","","","","","ND"
"2016-06-27 00:00","2016","06","27","00:00","0,3","","-0,2","","96","","","M","10","","","","98,19","","","","","","ND"
"2016-06-27 01:00","2016","06","27","01:00","-0,2","","-0,7","","97","","","M","16","","","","98,21","","","","-5","","ND"
"2016-06-27 02:00","2016","06","27","02:00","-0,4","","-0,9","","97","","","M","16","","","","98,24","","","","-5","","ND"
"2016-06-27 03:00","2016","06","27","03:00","-0,7","","-1,2","","97","","","M","16","","","","98,28","","","","-5","","ND"
"2016-06-27 04:00","2016","06","27","04:00","-1,0","","-1,4","","97","","","M","10","","","","98,29","","","","-5","","ND"
"2016-06-27 05:00","2016","06","27","05:00","-0,9","","-1,3","","97","","","M","7","","","","98,35","","","","-3","","ND"
"2016-06-27 06:00","2016","06","27","06:00","-0,8","","-1,2","","97","","","M","7","","","","98,40","","","","-3","","ND"
"2016-06-27 07:00","2016","06","27","07:00","-0,8","","-1,2","","97","","","M","7","","","","98,45","","","","-3","","ND"
"2016-06-27 08:00","2016","06","27","08:00","-0,4","","-0,8","","97","","","M","4","","","","98,50","","","","-2","","ND"
"2016-06-27 09:00","2016","06","27","09:00","0,2","","-0,2","","97","","","M","11","","","","98,52","","","","","","ND"
"2016-06-27 10:00","2016","06","27","10:00","1,8","","1,4","","97","","","M","11","","","","98,52","","","","","","ND"
"2016-06-27 11:00","2016","06","27","11:00","2,8","","2,4","","97","","","M","15","","","","98,52","","","","","","ND"
"2016-06-27 12:00","2016","06","27","12:00","3,8","","0,4","","79","","","M","21","","","","98,53","","","","","","ND"
"2016-06-27 13:00","2016","06","27","13:00","3,6","","1,1","","84","","","M","21","","","","98,56","","","","","","ND"
"2016-06-27 14:00","2016","06","27","14:00","2,8","","1,0","","88","","","M","18","","","","98,57","","","","","","ND"
"2016-06-27 15:00","2016","06","27","15:00","2,9","","1,0","","88","","","M","26","","","","98,60","","","","","","ND"
"2016-06-27 16:00","2016","06","27","16:00","3,4","","1,0","","84","","","M","18","","","","98,63","","","","","","ND"
"2016-06-27 17:00","2016","06","27","17:00","5,0","","0,8","","74","","","M","16","","","","98,66","","","","","","ND"
"2016-06-27 18:00","2016","06","27","18:00","5,3","","0,8","","73","","","M","24","","","","98,67","","","","","","ND"
"2016-06-27 19:00","2016","06","27","19:00","4,8","","-0,1","","70","","","M","16","","","","98,70","","","","","","ND"
"2016-06-27 20:00","2016","06","27","20:00","4,3","","-0,8","","69","","","M","17","","","","98,70","","","","","","ND"
"2016-06-27 21:00","2016","06","27","21:00","4,0","","-0,5","","73","","","M","9","","","","98,72","","","","","","ND"
"2016-06-27 22:00","2016","06","27","22:00","4,1","","-0,4","","73","","","M","16","","","","98,72","","","","","","ND"
"2016-06-27 23:00","2016","06","27","23:00","3,1","","-0,6","","77","","","M","12","","","","98,73","","","","","","ND"
"2016-06-28 00:00","2016","06","28","00:00","1,9","","-1,0","","81","","","M","9","","","","98,74","","","","","","ND"
"2016-06-28 01:00","2016","06","28","01:00","1,3","","-1,2","","83","","","M","5","","","","98,76","","","","","","ND"
"2016-06-28 02:00","2016","06","28","02:00","1,2","","-1,4","","83","","","M","1","","","","98,79","","","","","","ND"
"2016-06-28 03:00","2016","06","28","03:00","1,2","","-1,5","","82","","","M","3","","","","98,80","","","","","","ND"
"2016-06-28 04:00","2016","06","28","04:00","1,3","","-1,5","","82","","","M","5","","","","98,80","","","","","","ND"
"2016-06-28 05:00","2016","06","28","05:00","2,2","","-1,0","","79","","","M","5","","","","98,83","","","","","","ND"
"2016-06-28 06:00","2016","06","28","06:00","3,1","","-0,5","","77","","","M","4","","","","98,87","","","","","","ND"
"2016-06-28 07:00","2016","06","28","07:00","4,2","","0,1","","74","","","M","1","","","","98,91","","","","","","ND"
"2016-06-28 08:00","2016","06","28","08:00","5,4","","0,6","","71","","","M","5","","","","98,93","","","","","","ND"
"2016-06-28 09:00","2016","06","28","09:00","5,8","","0,0","","66","","","M","8","","","","98,94","","","","","","ND"
"2016-06-28 10:00","2016","06","28","10:00","6,9","","0,7","","65","","","M","12","","","","98,95","","","","","","ND"
"2016-06-28 11:00","2016","06","28","11:00","6,4","","-0,4","","62","","","M","17","","","","98,95","","","","","","ND"
"2016-06-28 12:00","2016","06","28","12:00","6,6","","-0,1","","62","","","M","17","","","","98,94","","","","","","ND"
"2016-06-28 13:00","2016","06","28","13:00","6,9","","-0,2","","60","","","M","14","","","","98,95","","","","","","ND"
"2016-06-28 14:00","2016","06","28","14:00","7,3","","-0,1","","59","","","M","16","","","","98,96","","","","","","ND"
"2016-06-28 15:00","2016","06","28","15:00","7,1","","-1,4","","55","","","M","14","","","","98,96","","","","","","ND"
"2016-06-28 16:00","2016","06","28","16:00","7,0","","-1,6","","54","","","M","16","","","","98,98","","","","","","ND"
"2016-06-28 17:00","2016","06","28","17:00","7,0","","-1,4","","55","","","M","13","","","","98,97","","","","","","ND"
"2016-06-28 18:00","2016","06","28","18:00","6,6","","-0,9","","59","","","M","15","","","","98,96","","","","","","ND"
"2016-06-28 19:00","2016","06","28","19:00","6,2","","-1,5","","58","","","M","13","","","","98,97","","","","","","ND"
"2016-06-28 20:00","2016","06","28","20:00","5,4","","-0,9","","64","","","M","14","","","","98,97","","","","","","ND"
"2016-06-28 21:00","2016","06","28","21:00","4,8","","-1,4","","64","","","M","10","","","","98,96","","","","","","ND"
"2016-06-28 22:00","2016","06","28","22:00","4,8","","-1,5","","64","","","M","4","","","","98,95","","","","","","ND"
"2016-06-28 23:00","2016","06","28","23:00","4,3","","-1,5","","66","","","M","4","","","","98,94","","","","","","ND"
"2016-06-29 00:00","2016","06","29","00:00","4,9","","-2,3","","60","","","M","3","","","","98,93","","","","","","ND"
"2016-06-29 01:00","2016","06","29","01:00","5,0","","-2,7","","58","","","M","3","","","","98,91","","","","","","ND"
"2016-06-29 02:00","2016","06","29","02:00","4,3","","-2,2","","62","","","M","5","","","","98,90","","","","","","ND"
"2016-06-29 03:00","2016","06","29","03:00","3,5","","-1,9","","67","","","M","4","","","","98,90","","","","","","ND"
"2016-06-29 04:00","2016","06","29","04:00","4,1","","-2,1","","64","","","M","4","","","","98,91","","","","","","ND"
"2016-06-29 05:00","2016","06","29","05:00","4,4","","-1,2","","67","","","M","6","","","","98,92","","","","","","ND"
"2016-06-29 06:00","2016","06","29","06:00","5,6","","-0,5","","65","","","M","8","","","","98,93","","","","","","ND"
"2016-06-29 07:00","2016","06","29","07:00","6,9","","-0,6","","59","","","M","8","","","","98,94","","","","","","ND"
"2016-06-29 08:00","2016","06","29","08:00","8,6","","0,7","","58","","","M","10","","","","98,95","","","","","","ND"
"2016-06-29 09:00","2016","06","29","09:00","10,0","","0,7","","53","","","M","14","","","","98,94","","","","","","ND"
"2016-06-29 10:00","2016","06","29","10:00","10,8","","0,0","","47","","","M","13","","","","98,92","","","","","","ND"
"2016-06-29 11:00","2016","06","29","11:00","11,0","","-0,9","","44","","","M","17","","","","98,90","","","","","","ND"
"2016-06-29 12:00","2016","06","29","12:00","12,2","","-0,5","","41","","","M","16","","","","98,89","","","","","","ND"
"2016-06-29 13:00","2016","06","29","13:00","13,2","","-1,2","","37","","","M","15","","","","98,86","","","","","","ND"
"2016-06-29 14:00","2016","06","29","14:00","13,1","","-1,6","","36","","","M","16","","","","98,85","","","","","","ND"
"2016-06-29 15:00","2016","06","29","15:00","14,3","","-1,1","","35","","","M","11","","","","98,84","","","","","","ND"
"2016-06-29 16:00","2016","06","29","16:00","12,0","","-0,6","","42","","","M","19","","","","98,84","","","","","","ND"
"2016-06-29 17:00","2016","06","29","17:00","9,9","","0,6","","52","","","M","21","","","","98,85","","","","","","ND"
"2016-06-29 18:00","2016","06","29","18:00","9,7","","0,8","","54","","","M","18","","","","98,85","","","","","","ND"
"2016-06-29 19:00","2016","06","29","19:00","9,0","","0,6","","56","","","M","18","","","","98,86","","","","","","ND"
"2016-06-29 20:00","2016","06","29","20:00","8,6","","0,8","","58","","","M","12","","","","98,85","","","","","","ND"
"2016-06-29 21:00","2016","06","29","21:00","8,3","","0,6","","58","","","M","3","","","","98,87","","","","","","ND"
"2016-06-29 22:00","2016","06","29","22:00","8,7","","1,1","","59","","","M","11","","","","98,85","","","","","","ND"
"2016-06-29 23:00","2016","06","29","23:00","8,9","","0,1","","54","","","M","8","","","","98,84","","","","","","ND"
"2016-06-30 00:00","2016","06","30","00:00","8,1","","0,1","","57","","","M","3","","","","98,83","","","","","","ND"
"2016-06-30 01:00","2016","06","30","01:00","8,0","","0,1","","57","","","M","5","","","","98,83","","","","","","ND"
"2016-06-30 02:00","2016","06","30","02:00","7,7","","0,1","","59","","","M","6","","","","98,84","","","","","","ND"
"2016-06-30 03:00","2016","06","30","03:00","7,8","","0,3","","59","","","M","2","","","","98,82","","","","","","ND"
"2016-06-30 04:00","2016","06","30","04:00","7,7","","0,4","","60","","","M","3","","","","98,83","","","","","","ND"
"2016-06-30 05:00","2016","06","30","05:00","8,5","","0,8","","58","","","M","2","","","","98,83","","","","","","ND"
"2016-06-30 06:00","2016","06","30","06:00","8,3","","1,4","","62","","","M","4","","","","98,85","","","","","","ND"
"2016-06-30 07:00","2016","06","30","07:00","10,2","","2,7","","59","","","M","4","","","","98,86","","","","","","ND"
"2016-06-30 08:00","2016","06","30","08:00","12,3","","2,9","","52","","","M","2","","","","98,87","","","","","","ND"
"2016-06-30 09:00","2016","06","30","09:00","13,7","","3,6","","50","","","M","7","","","","98,87","","","","","","ND"
"2016-06-30 10:00","2016","06","30","10:00","14,7","","1,9","","42","","","M","7","","","","98,84","","","","","","ND"
"2016-06-30 11:00","2016","06","30","11:00","14,2","","0,6","","39","","","M","18","","","","98,81","","","","","","ND"
"2016-06-30 12:00","2016","06","30","12:00","14,9","","1,0","","39","","","M","16","","","","98,79","","","","","","ND"
"2016-06-30 13:00","2016","06","30","13:00","14,7","","0,6","","38","","","M","26","","","","98,79","","","","","","ND"
"2016-06-30 14:00","2016","06","30","14:00","13,0","","-0,5","","39","","","M","28","","","","98,78","","","","","","ND"
"2016-06-30 15:00","2016","06","30","15:00","13,3","","0,8","","42","","","M","23","","","","98,78","","","","","","ND"
"2016-06-30 16:00","2016","06","30","16:00","13,3","","1,7","","45","","","M","20","","","","98,78","","","","","","ND"
"2016-06-30 17:00","2016","06","30","17:00","13,0","","2,8","","50","","","M","15","","","","98,79","","","","","","ND"
"2016-06-30 18:00","2016","06","30","18:00","12,3","","2,2","","50","","","M","13","","","","98,79","","","","","","ND"
"2016-06-30 19:00","2016","06","30","19:00","12,2","","2,1","","50","","","M","10","","","","98,80","","","","","","ND"
"2016-06-30 20:00","2016","06","30","20:00","11,2","","1,4","","51","","","M","1","","","","98,81","","","","","","ND"
"2016-06-30 21:00","2016","06","30","21:00","10,7","","1,8","","54","","","M","2","","","","98,81","","","","","","ND"
"2016-06-30 22:00","2016","06","30","22:00","10,4","","1,7","","55","","","M","2","","","","98,79","","","","","","ND"
"2016-06-30 23:00","2016","06","30","23:00","9,0","","2,0","","62","","","M","6","","","","98,77","","","","","","ND"
